{
 "acc_macro": [
  0.19287794052188625,
  0.29983889921667156,
  0.3827954002930025,
  0.42497223677820434,
  0.4492055204020645,
  0.44981383633790595,
  0.45895329423777526,
  0.46281586478783204,
  0.4587990355942987,
  0.4648737144813836,
  0.4603702415441511,
  0.45731020479207096,
  0.44455373464914927,
  0.45839214826997887
 ],
 "prec_macro": [
  0.3755931998193387,
  0.49476903633056457,
  0.573548820843065,
  0.5841397292595413,
  0.5943492465843009,
  0.6164429374981527,
  0.6068874385943641,
  0.6014558947819519,
  0.6131074183103269,
  0.596597468107268,
  0.6166988561896136,
  0.6060217979394917,
  0.6097754697382866,
  0.6074580247416193
 ],
 "rec_macro": [
  0.2527744429696197,
  0.39696748765606604,
  0.5106252517066452,
  0.5776846317519767,
  0.6168752825639356,
  0.5946507680719783,
  0.6209041581953595,
  0.6299387177181209,
  0.6110518166008465,
  0.640520448453955,
  0.6081197777921382,
  0.6142790980441647,
  0.5864371973654483,
  0.6199316391934004
 ],
 "f1_macro": [
  0.30218093804488527,
  0.4405050506265945,
  0.540261049261739,
  0.580894248241111,
  0.6054027979208494,
  0.6053507908923668,
  0.6138157895281752,
  0.6153678947055252,
  0.6120778915778302,
  0.6177792313941486,
  0.6123792714869506,
  0.6101225110275749,
  0.5978786671124761,
  0.6136314490573944
 ],
 "acc_micro": [
  0.28050741468643914,
  0.3878557218233717,
  0.45828113254823355,
  0.48067104303428154,
  0.4978029879364065,
  0.4974514962183492,
  0.5030566280566281,
  0.5000792393026942,
  0.49579288025889967,
  0.4951926834987884,
  0.4911486541104195,
  0.48876089912806975,
  0.47875723721764657,
  0.5028162214354683
 ],
 "prec_micro": [
  0.6216590774104138,
  0.663117420881396,
  0.6710284945579064,
  0.6599532658284188,
  0.6583201267828843,
  0.6774518584863413,
  0.665106880782729,
  0.6541252072968491,
  0.6657251493753394,
  0.6434738445911631,
  0.6630292448712353,
  0.6550171526586621,
  0.663314879674613,
  0.6652118373429848
 ],
 "rec_micro": [
  0.3382527200258537,
  0.483033502100614,
  0.5910804696757513,
  0.6389098351825918,
  0.6712269740385651,
  0.6518366907249812,
  0.6737046213508564,
  0.6798448777334913,
  0.6601314230313476,
  0.6824302488419692,
  0.6545297856296456,
  0.6581923946999892,
  0.6324464074113971,
  0.6731660023699235
 ],
 "f1_micro": [
  0.4381191572485001,
  0.5589280149579309,
  0.6285223367697594,
  0.6492610837438424,
  0.6647109024962663,
  0.6643974746088389,
  0.6693781440650755,
  0.6667370978817813,
  0.6629164863695369,
  0.6623797574236722,
  0.6587521006125657,
  0.6566009349309548,
  0.6475129590823866,
  0.6691652835037747
 ],
 "rec_at_5": [
  0.4635796185548045,
  0.5430099736038625,
  0.5923934301682398,
  0.6126123941173373,
  0.6265674247578883,
  0.6306518983246175,
  0.6341770301344993,
  0.6318585961690676,
  0.628343587396215,
  0.625366124672581,
  0.6199456924678052,
  0.6202013572788343,
  0.6151604283416462,
  0.6313424788467301
 ],
 "prec_at_5": [
  0.48328035600762875,
  0.5607120152574698,
  0.6047043865225684,
  0.6223776223776224,
  0.631404958677686,
  0.6345835982199619,
  0.6376350921805467,
  0.6339478703115067,
  0.6324221233312142,
  0.6298792116973935,
  0.6247933884297521,
  0.6259376986649714,
  0.6189446916719645,
  0.6354736172917991
 ],
 "f1_at_5": [
  0.47322503667256693,
  0.5517190373609201,
  0.5984856053954509,
  0.6174564007762849,
  0.6289768903472907,
  0.6326116394237359,
  0.6359013599155295,
  0.6329015090168146,
  0.6303762583983819,
  0.6276145550480954,
  0.6223601006567371,
  0.623056324945988,
  0.6170467579690694,
  0.6334013121646198
 ],
 "auc_macro": [
  0.803693443918,
  0.8534002319154946,
  0.8802082885618582,
  0.892621098178947,
  0.8996352275868184,
  0.9007739890845677,
  0.9004855253125228,
  0.9000051078161985,
  0.8962660510711966,
  0.8951938389696552,
  0.8933233338700214,
  0.8907122418147447,
  0.8900150937517444,
  0.9003302052289655
 ],
 "auc_micro": [
  0.8421217951761043,
  0.8872386103640542,
  0.9113769302155086,
  0.9197755536263064,
  0.9247933220582727,
  0.9255585419509411,
  0.9250127980146705,
  0.9248749158417062,
  0.9212484424700877,
  0.9204015216401238,
  0.9181446858251177,
  0.9160872664529751,
  0.9143310612454343,
  0.9249666783713366
 ],
 "loss_dev": [
  0.30425772070884705,
  0.26557326316833496,
  0.24345999956130981,
  0.23423796892166138,
  0.23019392788410187,
  0.22287966310977936,
  0.22796538472175598,
  0.2316320538520813,
  0.23431438207626343,
  0.24674853682518005,
  0.248967245221138,
  0.2610321342945099,
  0.2688300311565399,
  0.22774048149585724
 ],
 "psel_dev": [
  0.3776882588863373,
  0.3357307016849518,
  0.3149607479572296,
  0.2966136932373047,
  0.33579570055007935,
  0.3889102339744568,
  0.38298073410987854,
  0.3827120065689087,
  0.38501906394958496,
  0.3876337707042694,
  0.4033510982990265,
  0.43785935640335083,
  0.4549270272254944,
  0.3829749822616577
 ],
 "acc_macro_te": [
  0.45171524350243464
 ],
 "prec_macro_te": [
  0.6030907698298633
 ],
 "rec_macro_te": [
  0.6115279242053632
 ],
 "f1_macro_te": [
  0.6072800433463025
 ],
 "acc_micro_te": [
  0.4951297547102737
 ],
 "prec_micro_te": [
  0.6599696739954511
 ],
 "rec_micro_te": [
  0.6646940918201776
 ],
 "f1_micro_te": [
  0.6623234580816967
 ],
 "rec_at_5_te": [
  0.6143940329545745
 ],
 "prec_at_5_te": [
  0.6360902255639097
 ],
 "f1_at_5_te": [
  0.6250539122662914
 ],
 "auc_macro_te": [
  0.8967471361795257
 ],
 "auc_micro_te": [
  0.9224881451148655
 ],
 "loss_test_te": [
  0.23407262563705444
 ],
 "psel_test_te": [
  0.3876717686653137
 ],
 "loss_tr": [
  0.3185783922672272,
  0.25277525186538696,
  0.22219933569431305,
  0.20079608261585236,
  0.18595246970653534,
  0.17222878336906433,
  0.15963293612003326,
  0.14772318303585052,
  0.13522647321224213,
  0.12287992238998413,
  0.11098914593458176,
  0.10022003948688507,
  0.09060609340667725,
  NaN
 ],
 "psel_loss_tr": [
  0.4515818953514099,
  0.3422850966453552,
  0.33208122849464417,
  0.3402790427207947,
  0.3513953685760498,
  0.3655763268470764,
  0.3851940333843231,
  0.3997681140899658,
  0.41866907477378845,
  0.4312918782234192,
  0.4490533173084259,
  0.458204060792923,
  0.4700333774089813,
  NaN
 ]
}